 --> Log version: v4.0
 --> Skip \\sbe144\d$\SDkey Access to the path '\\sbe144\d$\SDkey' is denied.
 --> Skip \\sbe144\d$\System Volume Information Access to the path '\\sbe144\d$\System Volume Information' is denied.
Version, Path, AssemblyName
v4.0.30319, \\sbe144\d$\programma's\Batch.eValidation, Agatha.Common.dll
v4.0.30319, \\sbe144\d$\programma's\Batch.eValidation, Agatha.ServiceLayer.dll
v4.0.30319, \\sbe144\d$\programma's\Batch.eValidation, Antlr3.Runtime.dll
v4.0.30319, \\sbe144\d$\programma's\Batch.eValidation, Autofac.dll
v4.0.30319, \\sbe144\d$\programma's\Batch.eValidation, Autofac.Integration.Mvc.dll
v4.0.30319, \\sbe144\d$\programma's\Batch.eValidation, AutoMapper.dll
v4.0.30319, \\sbe144\d$\programma's\Batch.eValidation, BundleTransformer.Core.dll
v4.0.30319, \\sbe144\d$\programma's\Batch.eValidation, BundleTransformer.Less.dll
v4.0.30319, \\sbe144\d$\programma's\Batch.eValidation, Elmah.Mvc.dll
v4.0.30319, \\sbe144\d$\programma's\Batch.eValidation, eValidations.Common.dll
v4.0.30319, \\sbe144\d$\programma's\Batch.eValidation, eValidations.PayCo.Core.dll
v4.0.30319, \\sbe144\d$\programma's\Batch.eValidation, eValidations.PayCo.Services.Contracts.dll
v4.0.30319, \\sbe144\d$\programma's\Batch.eValidation, eValidations.PayCo.Services.dll
v4.0.30319, \\sbe144\d$\programma's\Batch.eValidation, eValidations.PayCo.Shared.dll
v4.0.30319, \\sbe144\d$\programma's\Batch.eValidation, eValidations.PayCo.Web.dll
v4.0.30319, \\sbe144\d$\programma's\Batch.eValidation, Microsoft.Web.Infrastructure.dll
v4.0.30319, \\sbe144\d$\programma's\Batch.eValidation, Microsoft.Web.Mvc.FixedDisplayModes.dll
v4.0.30319, \\sbe144\d$\programma's\Batch.eValidation, Newtonsoft.Json.dll
v4.0.30319, \\sbe144\d$\programma's\Batch.eValidation, System.Web.Helpers.dll
v4.0.30319, \\sbe144\d$\programma's\Batch.eValidation, System.Web.Http.dll
v4.0.30319, \\sbe144\d$\programma's\Batch.eValidation, System.Web.Http.WebHost.dll
v4.0.30319, \\sbe144\d$\programma's\Batch.eValidation, System.Web.Optimization.dll
v4.0.30319, \\sbe144\d$\programma's\Batch.eValidation, System.Web.Razor.dll
v4.0.30319, \\sbe144\d$\programma's\Batch.eValidation, System.Web.WebPages.Deployment.dll
v4.0.30319, \\sbe144\d$\programma's\Batch.eValidation, System.Web.WebPages.dll
v4.0.30319, \\sbe144\d$\programma's\Batch.eValidation, System.Web.WebPages.Razor.dll
v4.0.30319, \\sbe144\d$\programma's\Batch.eValidation, WebGrease.dll
v4.0.30319, \\sbe144\d$\programma's\Batch.eValidation, eValidations.PayCo.AutomaticRulesBatch.exe
v4.0.30319, \\sbe144\d$\programma's\Batch.eValidation, eValidations.PayCo.AutomaticRulesBatch.vshost.exe
v4.0.30319, \\sbe144\d$\programma's\Batch.eValidation, eValidations.PayCo.Database.SchemaGenerator.exe
v4.0.30319, \\sbe144\d$\programma's\MQListeners\CREOS, SDWORX.CreOs.Tests.dll
v4.0.30319, \\sbe144\d$\programma's\TW\Batch.eValidation, Agatha.Common.dll
v4.0.30319, \\sbe144\d$\programma's\TW\Batch.eValidation, Agatha.ServiceLayer.dll
v4.0.30319, \\sbe144\d$\programma's\TW\Batch.eValidation, Antlr3.Runtime.dll
v4.0.30319, \\sbe144\d$\programma's\TW\Batch.eValidation, Autofac.dll
v4.0.30319, \\sbe144\d$\programma's\TW\Batch.eValidation, Autofac.Integration.Mvc.dll
v4.0.30319, \\sbe144\d$\programma's\TW\Batch.eValidation, AutoMapper.dll
v4.0.30319, \\sbe144\d$\programma's\TW\Batch.eValidation, BundleTransformer.Core.dll
v4.0.30319, \\sbe144\d$\programma's\TW\Batch.eValidation, BundleTransformer.Less.dll
v4.0.30319, \\sbe144\d$\programma's\TW\Batch.eValidation, Elmah.Mvc.dll
v4.0.30319, \\sbe144\d$\programma's\TW\Batch.eValidation, eValidations.Common.dll
v4.0.30319, \\sbe144\d$\programma's\TW\Batch.eValidation, eValidations.PayCo.Core.dll
v4.0.30319, \\sbe144\d$\programma's\TW\Batch.eValidation, eValidations.PayCo.Services.Contracts.dll
v4.0.30319, \\sbe144\d$\programma's\TW\Batch.eValidation, eValidations.PayCo.Services.dll
v4.0.30319, \\sbe144\d$\programma's\TW\Batch.eValidation, eValidations.PayCo.Shared.dll
v4.0.30319, \\sbe144\d$\programma's\TW\Batch.eValidation, eValidations.PayCo.Web.dll
v4.0.30319, \\sbe144\d$\programma's\TW\Batch.eValidation, Microsoft.Web.Infrastructure.dll
v4.0.30319, \\sbe144\d$\programma's\TW\Batch.eValidation, Microsoft.Web.Mvc.FixedDisplayModes.dll
v4.0.30319, \\sbe144\d$\programma's\TW\Batch.eValidation, Newtonsoft.Json.dll
v4.0.30319, \\sbe144\d$\programma's\TW\Batch.eValidation, System.Web.Helpers.dll
v4.0.30319, \\sbe144\d$\programma's\TW\Batch.eValidation, System.Web.Http.dll
v4.0.30319, \\sbe144\d$\programma's\TW\Batch.eValidation, System.Web.Http.WebHost.dll
v4.0.30319, \\sbe144\d$\programma's\TW\Batch.eValidation, System.Web.Optimization.dll
v4.0.30319, \\sbe144\d$\programma's\TW\Batch.eValidation, System.Web.Razor.dll
v4.0.30319, \\sbe144\d$\programma's\TW\Batch.eValidation, System.Web.WebPages.Deployment.dll
v4.0.30319, \\sbe144\d$\programma's\TW\Batch.eValidation, System.Web.WebPages.dll
v4.0.30319, \\sbe144\d$\programma's\TW\Batch.eValidation, System.Web.WebPages.Razor.dll
v4.0.30319, \\sbe144\d$\programma's\TW\Batch.eValidation, WebGrease.dll
v4.0.30319, \\sbe144\d$\programma's\TW\Batch.eValidation, eValidations.PayCo.AutomaticRulesBatch.exe
v4.0.30319, \\sbe144\d$\programma's\TW\Batch.eValidation, eValidations.PayCo.AutomaticRulesBatch.vshost.exe
v4.0.30319, \\sbe144\d$\programma's\TW\Batch.eValidation, eValidations.PayCo.Database.SchemaGenerator.exe
v4.0.30319, \\sbe144\d$\programma's\TW\MQListeners\CREOS, SDWORX.CreOs.Tests.dll
v4.0.30319, \\sbe144\d$\SDComponenten\TransxQReaders\NewQueueReader, QReaderFac.dll
v4.0.30319, \\sbe144\d$\SDComponenten\TransxQReaders\NewQueueReader, QReader.exe
v4.0.30319, \\sbe144\d$\SDComponenten\TransxQReaders\QueueReaderArchive, QReaderFac.dll
v4.0.30319, \\sbe144\d$\SDComponenten\TransxQReaders\QueueReaderArchive, QReader.exe
v4.0.30319, \\sbe144\d$\SDComponenten\TransxQReaders\QueueReaderArchive_christophe, QReaderFac.dll
v4.0.30319, \\sbe144\d$\SDComponenten\TransxQReaders\QueueReaderArchive_christophe, QReader.exe
v4.0.30319, \\sbe144\d$\SDComponenten\TransxQReaders\QueueReaderBCK, QReaderFac.dll
v4.0.30319, \\sbe144\d$\SDComponenten\TransxQReaders\QueueReaderBCK, QReader.exe
v4.0.30319, \\sbe144\d$\SDComponenten\TransxQReaders\QueueReaderBIM, QReaderFac.dll
v4.0.30319, \\sbe144\d$\SDComponenten\TransxQReaders\QueueReaderBIM, QReader.exe
v4.0.30319, \\sbe144\d$\SDComponenten\TransxQReaders\QueueReaderCBI, QReaderFac.dll
v4.0.30319, \\sbe144\d$\SDComponenten\TransxQReaders\QueueReaderCBI, QReader.exe
v4.0.30319, \\sbe144\d$\SDComponenten\TransxQReaders\QueueReaderCBI_20140331, QReaderFac.dll
v4.0.30319, \\sbe144\d$\SDComponenten\TransxQReaders\QueueReaderCBI_20140331, QReader.exe
v4.0.30319, \\sbe144\d$\SDComponenten\TransxQReaders\QueueReaderCNV.deleted.251012, QReaderFac.dll
v4.0.30319, \\sbe144\d$\SDComponenten\TransxQReaders\QueueReaderCNV.deleted.251012, QReader.exe
v4.0.30319, \\sbe144\d$\SDComponenten\TransxQReaders\QueueReaderCO2, QReaderFac.dll
v4.0.30319, \\sbe144\d$\SDComponenten\TransxQReaders\QueueReaderCO2, QReader.exe
v4.0.30319, \\sbe144\d$\SDComponenten\TransxQReaders\QueueReaderDPO, QReaderFac.dll
v4.0.30319, \\sbe144\d$\SDComponenten\TransxQReaders\QueueReaderDPO, QReader.exe
v4.0.30319, \\sbe144\d$\SDComponenten\TransxQReaders\QueueReaderEPA, QReaderFac.dll
v4.0.30319, \\sbe144\d$\SDComponenten\TransxQReaders\QueueReaderEPA, QReader.exe
v4.0.30319, \\sbe144\d$\SDComponenten\TransxQReaders\QueueReaderEPO, QReaderFac.dll
v4.0.30319, \\sbe144\d$\SDComponenten\TransxQReaders\QueueReaderEPO, QReader.exe
v4.0.30319, \\sbe144\d$\SDComponenten\TransxQReaders\QueueReaderIPU, QReaderFac.dll
v4.0.30319, \\sbe144\d$\SDComponenten\TransxQReaders\QueueReaderIPU, QReader.exe
v4.0.30319, \\sbe144\d$\SDComponenten\TransxQReaders\QueueReaderKAL, QReaderFac.dll
v4.0.30319, \\sbe144\d$\SDComponenten\TransxQReaders\QueueReaderKAL, QReader.exe
v4.0.30319, \\sbe144\d$\SDComponenten\TransxQReaders\QueueReaderKLO.deleted.251012, QReaderFac.dll
v4.0.30319, \\sbe144\d$\SDComponenten\TransxQReaders\QueueReaderKLO.deleted.251012, QReader.exe
v4.0.30319, \\sbe144\d$\SDComponenten\TransxQReaders\QueueReaderKLX.deleted.251012, QReaderFac.dll
v4.0.30319, \\sbe144\d$\SDComponenten\TransxQReaders\QueueReaderKLX.deleted.251012, QReader.exe
v4.0.30319, \\sbe144\d$\SDComponenten\TransxQReaders\QueueReaderLog, QReaderFac.dll
v4.0.30319, \\sbe144\d$\SDComponenten\TransxQReaders\QueueReaderLog, QReader.exe
v4.0.30319, \\sbe144\d$\SDComponenten\TransxQReaders\QueueReaderMFArchive, QReaderFac.dll
v4.0.30319, \\sbe144\d$\SDComponenten\TransxQReaders\QueueReaderMFArchive, QReader.exe
v4.0.30319, \\sbe144\d$\SDComponenten\TransxQReaders\QueueReaderMPSDimonaR, QReaderFac.dll
v4.0.30319, \\sbe144\d$\SDComponenten\TransxQReaders\QueueReaderMPSDimonaR, QReader.exe
v4.0.30319, \\sbe144\d$\SDComponenten\TransxQReaders\QueueReaderMPSDimonaT, QReaderFac.dll
v4.0.30319, \\sbe144\d$\SDComponenten\TransxQReaders\QueueReaderMPSDimonaT, QReader.exe
v4.0.30319, \\sbe144\d$\SDComponenten\TransxQReaders\QueueReaderNLO.deleted.251012, QReaderFac.dll
v4.0.30319, \\sbe144\d$\SDComponenten\TransxQReaders\QueueReaderNLO.deleted.251012, QReader.exe
v4.0.30319, \\sbe144\d$\SDComponenten\TransxQReaders\QueueReaderPRO, QReaderFac.dll
v4.0.30319, \\sbe144\d$\SDComponenten\TransxQReaders\QueueReaderPRO, QReader.exe
v4.0.30319, \\sbe144\d$\SDComponenten\TransxQReaders\QueueReaderR11, QReaderFac.dll
v4.0.30319, \\sbe144\d$\SDComponenten\TransxQReaders\QueueReaderR11, QReader.exe
v4.0.30319, \\sbe144\d$\SDComponenten\TransxQReaders\QueueReaderRWP, QReaderFac.dll
v4.0.30319, \\sbe144\d$\SDComponenten\TransxQReaders\QueueReaderRWP, QReader.exe
v4.0.30319, \\sbe144\d$\SDComponenten\TransxQReaders\QueueReaderSAP.deleted.251012, QReaderFac.dll
v4.0.30319, \\sbe144\d$\SDComponenten\TransxQReaders\QueueReaderSAP.deleted.251012, QReader.exe
v4.0.30319, \\sbe144\d$\SDComponenten\TransxQReaders\QueueReaderT11, QReaderFac.dll
v4.0.30319, \\sbe144\d$\SDComponenten\TransxQReaders\QueueReaderT11, QReader.exe
v4.0.30319, \\sbe144\d$\SDComponenten\TransxQReaders\QueueReaderTXT, QReaderFac.dll
v4.0.30319, \\sbe144\d$\SDComponenten\TransxQReaders\QueueReaderTXT, QReader.exe
v4.0.30319, \\sbe144\d$\SDComponenten\TransxQReaders\QueueReaderU01, QReaderFac.dll
v4.0.30319, \\sbe144\d$\SDComponenten\TransxQReaders\QueueReaderU01, QReader.exe
v4.0.30319, \\sbe144\d$\SDComponenten\TransxQReaders\QueueReaderU02, QReaderFac.dll
v4.0.30319, \\sbe144\d$\SDComponenten\TransxQReaders\QueueReaderU02, QReader.exe
v4.0.30319, \\sbe144\d$\SDComponenten\TransxQReaders\QueueReaderVerworpen, QReaderFac.dll
v4.0.30319, \\sbe144\d$\SDComponenten\TransxQReaders\QueueReaderVerworpen, QReader.exe
v4.0.30319, \\sbe144\d$\SDComponenten\TransxQReaders\QueueReaderVerworpen_decentraal, QReaderFac.dll
v4.0.30319, \\sbe144\d$\SDComponenten\TransxQReaders\QueueReaderVerworpen_decentraal, QReader.exe
v4.0.30319, \\sbe144\d$\SDComponenten\TransxQReaders\QueueReaderVGG, QReaderFac.dll
v4.0.30319, \\sbe144\d$\SDComponenten\TransxQReaders\QueueReaderVGG, QReader.exe
v4.0.30319, \\sbe144\d$\SDComponenten\TransxQReaders\QueueReaderXML, QReaderFac.dll
v4.0.30319, \\sbe144\d$\SDComponenten\TransxQReaders\QueueReaderXML, QReader.exe
v4.0.30319, \\sbe144\d$\SDComponenten\TransxQReaders\QueueReaderZIP, QReaderFac.dll
v4.0.30319, \\sbe144\d$\SDComponenten\TransxQReaders\QueueReaderZIP, QReader.exe
v4.0.30319, \\sbe144\d$\temp\WebsphereTestSuite\NUnit\tests, nunit.core.tests.net45.dll
v4.0.30319, \\sbe144\d$\temp\WebsphereTestSuite\NUnit\tests, nunit.framework.tests.net45.dll
v4.0.30319, \\sbe144\d$\temp\WebsphereTestSuite\NUnit\tests, test-assembly-net45.dll
v4.0.30319, \\sbe144\d$\temp\WebsphereTestSuite\NUnit, NUnit2Report.Console.exe
v4.0.30319, \\sbe144\d$\temp\WebsphereTestSuite\WebsphereTests, Autofac.dll
v4.0.30319, \\sbe144\d$\temp\WebsphereTestSuite\WebsphereTests, AutoMapper.dll
v4.0.30319, \\sbe144\d$\temp\WebsphereTestSuite\WebsphereTests, AutoMapper.Net4.dll
v4.0.30319, \\sbe144\d$\temp\WebsphereTestSuite\WebsphereTests, Castle.Core.dll
v4.0.30319, \\sbe144\d$\temp\WebsphereTestSuite\WebsphereTests, Common.Logging.Core.dll
v4.0.30319, \\sbe144\d$\temp\WebsphereTestSuite\WebsphereTests, Common.Logging.dll
v4.0.30319, \\sbe144\d$\temp\WebsphereTestSuite\WebsphereTests, Common.Logging.Log4Net1211.dll
v4.0.30319, \\sbe144\d$\temp\WebsphereTestSuite\WebsphereTests, log4net.dll
v4.0.30319, \\sbe144\d$\temp\WebsphereTestSuite\WebsphereTests, SDWORX.Framework.Core.dll
v4.0.30319, \\sbe144\d$\temp\WebsphereTestSuite\WebsphereTests, SDWORX.Framework.Infrastructure.dll
v4.0.30319, \\sbe144\d$\temp\WebsphereTestSuite\WebsphereTests, SDWORX.Framework.Messaging.dll
v4.0.30319, \\sbe144\d$\temp\WebsphereTestSuite\WebsphereTests, WebSphereTests.dll
