 --> Log version: v4.0
 --> Skip \\sbe111\d$\System Volume Information Access to the path '\\sbe111\d$\System Volume Information' is denied.
Version, Path, AssemblyName
v4.0.30319, \\sbe111\d$\Inetpub\G5.Web.Prd.CA\bin, G5.Core.dll
v4.0.30319, \\sbe111\d$\Inetpub\G5.Web.Prd.CA\bin, G5.Core.WebTests.dll
v4.0.30319, \\sbe111\d$\Inetpub\G5.Web.Prd.CA\bin, G5.Site.Sdworx.DataService.dll
v4.0.30319, \\sbe111\d$\Inetpub\G5.Web.Prd.CA\bin, G5.Site.Sdworx.dll
v4.0.30319, \\sbe111\d$\Inetpub\G5.Web.Prd.CA\bin, G5.Site.Sdworx.Fitnesse.dll
v4.0.30319, \\sbe111\d$\Inetpub\G5.Web.Prd.CA\bin, G5.Site.Sdworx.IndexEnLoon.dll
v4.0.30319, \\sbe111\d$\Inetpub\G5.Web.Prd.CA\bin, G5.Site.Sdworx.Tests.dll
v4.0.30319, \\sbe111\d$\Inetpub\G5.Web.Prd.CA\bin, G5.Site.Sdworx.WebReferences.dll
v4.0.30319, \\sbe111\d$\Inetpub\G5.Web.Prd.CA\bin, G5.Site.Sdworx.WebReferences.XmlSerializers.dll
v4.0.30319, \\sbe111\d$\Inetpub\G5.Web.Prd.CA\bin, G5.Site.Sdworx.WebTests.dll
v4.0.30319, \\sbe111\d$\Inetpub\G5.Web.Prd.CA\bin, G5.Site.Sdworx.XmlSerializers.dll
v4.0.30319, \\sbe111\d$\Inetpub\G5.Web.Prd.CA\bin, G5.Web.dll
v4.0.30319, \\sbe111\d$\Inetpub\G5.Web.Prd.CA\bin, Microsoft.Web.Infrastructure.dll
v4.0.30319, \\sbe111\d$\Inetpub\G5.Web.Prd.CA\bin, Microsoft.Web.Mvc.dll
v4.0.30319, \\sbe111\d$\Inetpub\G5.Web.Prd.CA\bin, NuGet.Core.dll
v4.0.30319, \\sbe111\d$\Inetpub\G5.Web.Prd.CA\bin, Sitecore.Support.389169.dll
v4.0.30319, \\sbe111\d$\Inetpub\G5.Web.Prd.CA\bin, Spark.dll
v4.0.30319, \\sbe111\d$\Inetpub\G5.Web.Prd.CA\bin, Spark.Web.Mvc.dll
v4.0.30319, \\sbe111\d$\Inetpub\G5.Web.Prd.CA\bin, System.Web.Helpers.dll
v4.0.30319, \\sbe111\d$\Inetpub\G5.Web.Prd.CA\bin, System.Web.Mvc.dll
v4.0.30319, \\sbe111\d$\Inetpub\G5.Web.Prd.CA\bin, System.Web.Razor.dll
v4.0.30319, \\sbe111\d$\Inetpub\G5.Web.Prd.CA\bin, System.Web.WebPages.Administration.dll
v4.0.30319, \\sbe111\d$\Inetpub\G5.Web.Prd.CA\bin, System.Web.WebPages.Deployment.dll
v4.0.30319, \\sbe111\d$\Inetpub\G5.Web.Prd.CA\bin, System.Web.WebPages.dll
v4.0.30319, \\sbe111\d$\Inetpub\G5.Web.Prd.CA\bin, System.Web.WebPages.Razor.dll
v4.0.30319, \\sbe111\d$\Inetpub\G5.Web.Prd.CA\bin, WebActivator.dll
v4.0.30319, \\sbe111\d$\Inetpub\stagingroot\WMIAgent\bin, Jaws.Agent.dll
v4.0.30319, \\sbe111\d$\Inetpub\stagingroot\WMIAgent\bin, Jaws.Core.dll
v4.0.30319, \\sbe111\d$\Inetpub\stagingroot\WMIAgent\bin, Jaws.Domain.dll
v4.0.30319, \\sbe111\d$\Inetpub\stagingroot\WMIAgent\bin, Jaws.Helpers.dll
v4.0.30319, \\sbe111\d$\Inetpub\stagingroot\WMIAgent\bin, Jaws.Util.dll
v4.0.30319, \\sbe111\d$\Inetpub\WWWRoot\LicenseManagement\Site\bin\fr, SDWORX.LicenseMgmt.Web.Presentation.resources.dll
v4.0.30319, \\sbe111\d$\Inetpub\WWWRoot\LicenseManagement\Site\bin\nl, SDWORX.LicenseMgmt.Web.Presentation.resources.dll
v4.0.30319, \\sbe111\d$\Inetpub\WWWRoot\LicenseManagement\Site\bin, Autofac.dll
v4.0.30319, \\sbe111\d$\Inetpub\WWWRoot\LicenseManagement\Site\bin, Autofac.Integration.Mvc.dll
v4.0.30319, \\sbe111\d$\Inetpub\WWWRoot\LicenseManagement\Site\bin, AutoMapper.dll
v4.0.30319, \\sbe111\d$\Inetpub\WWWRoot\LicenseManagement\Site\bin, AutoMapper.Net4.dll
v4.0.30319, \\sbe111\d$\Inetpub\WWWRoot\LicenseManagement\Site\bin, Castle.Core.dll
v4.0.30319, \\sbe111\d$\Inetpub\WWWRoot\LicenseManagement\Site\bin, Common.Logging.Core.dll
v4.0.30319, \\sbe111\d$\Inetpub\WWWRoot\LicenseManagement\Site\bin, Common.Logging.dll
v4.0.30319, \\sbe111\d$\Inetpub\WWWRoot\LicenseManagement\Site\bin, Common.Logging.Log4Net1211.dll
v4.0.30319, \\sbe111\d$\Inetpub\WWWRoot\LicenseManagement\Site\bin, Elmah.dll
v4.0.30319, \\sbe111\d$\Inetpub\WWWRoot\LicenseManagement\Site\bin, LicenseMgmt.Site.dll
v4.0.30319, \\sbe111\d$\Inetpub\WWWRoot\LicenseManagement\Site\bin, log4net.dll
v4.0.30319, \\sbe111\d$\Inetpub\WWWRoot\LicenseManagement\Site\bin, Microsoft.Web.Infrastructure.dll
v4.0.30319, \\sbe111\d$\Inetpub\WWWRoot\LicenseManagement\Site\bin, Newtonsoft.Json.dll
v4.0.30319, \\sbe111\d$\Inetpub\WWWRoot\LicenseManagement\Site\bin, SDWORX.Framework.Core.dll
v4.0.30319, \\sbe111\d$\Inetpub\WWWRoot\LicenseManagement\Site\bin, SDWORX.Framework.CQRS.dll
v4.0.30319, \\sbe111\d$\Inetpub\WWWRoot\LicenseManagement\Site\bin, SDWORX.Framework.ExceptionManagement.dll
v4.0.30319, \\sbe111\d$\Inetpub\WWWRoot\LicenseManagement\Site\bin, SDWORX.Framework.Infrastructure.dll
v4.0.30319, \\sbe111\d$\Inetpub\WWWRoot\LicenseManagement\Site\bin, SDWORX.Framework.PasSecurity.dll
v4.0.30319, \\sbe111\d$\Inetpub\WWWRoot\LicenseManagement\Site\bin, SDWORX.Framework.Presentation.dll
v4.0.30319, \\sbe111\d$\Inetpub\WWWRoot\LicenseManagement\Site\bin, SDWORX.Framework.ServiceModel.Common.dll
v4.0.30319, \\sbe111\d$\Inetpub\WWWRoot\LicenseManagement\Site\bin, SDWORX.Framework.ServiceModel.Contracts.dll
v4.0.30319, \\sbe111\d$\Inetpub\WWWRoot\LicenseManagement\Site\bin, SDWORX.Framework.Valcon.dll
v4.0.30319, \\sbe111\d$\Inetpub\WWWRoot\LicenseManagement\Site\bin, SDWORX.Framework.Web.dll
v4.0.30319, \\sbe111\d$\Inetpub\WWWRoot\LicenseManagement\Site\bin, SDWORX.ICTCorpDev.Core.Common.dll
v4.0.30319, \\sbe111\d$\Inetpub\WWWRoot\LicenseManagement\Site\bin, SDWORX.LicenseMgmt.Server.Contracts.dll
v4.0.30319, \\sbe111\d$\Inetpub\WWWRoot\LicenseManagement\Site\bin, SDWORX.LicenseMgmt.Server.Domain.dll
v4.0.30319, \\sbe111\d$\Inetpub\WWWRoot\LicenseManagement\Site\bin, SDWORX.LicenseMgmt.Web.Presentation.dll
v4.0.30319, \\sbe111\d$\Inetpub\WWWRoot\LicenseManagement\Site\bin, SDWORX.Parameters.Contracts.dll
v4.0.30319, \\sbe111\d$\Inetpub\WWWRoot\LicenseManagement\Site\bin, System.Web.Helpers.dll
v4.0.30319, \\sbe111\d$\Inetpub\WWWRoot\LicenseManagement\Site\bin, System.Web.Mvc.dll
v4.0.30319, \\sbe111\d$\Inetpub\WWWRoot\LicenseManagement\Site\bin, System.Web.Optimization.dll
v4.0.30319, \\sbe111\d$\Inetpub\WWWRoot\LicenseManagement\Site\bin, System.Web.Razor.dll
v4.0.30319, \\sbe111\d$\Inetpub\WWWRoot\LicenseManagement\Site\bin, System.Web.WebPages.Deployment.dll
v4.0.30319, \\sbe111\d$\Inetpub\WWWRoot\LicenseManagement\Site\bin, System.Web.WebPages.dll
v4.0.30319, \\sbe111\d$\Inetpub\WWWRoot\LicenseManagement\Site\bin, System.Web.WebPages.Razor.dll
v4.0.30319, \\sbe111\d$\Inetpub\WWWRoot\LicenseManagement\Site\bin, WebGrease.dll
v4.0.30319, \\sbe111\d$\Inetpub\WWWRoot\NewsletterManagement\Version\bin, Autofac.dll
v4.0.30319, \\sbe111\d$\Inetpub\WWWRoot\NewsletterManagement\Version\bin, Autofac.Integration.Mvc.dll
v4.0.30319, \\sbe111\d$\Inetpub\WWWRoot\NewsletterManagement\Version\bin, AutoMapper.dll
v4.0.30319, \\sbe111\d$\Inetpub\WWWRoot\NewsletterManagement\Version\bin, AutoMapper.Net4.dll
v4.0.30319, \\sbe111\d$\Inetpub\WWWRoot\NewsletterManagement\Version\bin, Castle.Core.dll
v4.0.30319, \\sbe111\d$\Inetpub\WWWRoot\NewsletterManagement\Version\bin, Common.Logging.Core.dll
v4.0.30319, \\sbe111\d$\Inetpub\WWWRoot\NewsletterManagement\Version\bin, Common.Logging.dll
v4.0.30319, \\sbe111\d$\Inetpub\WWWRoot\NewsletterManagement\Version\bin, Common.Logging.Log4Net1211.dll
v4.0.30319, \\sbe111\d$\Inetpub\WWWRoot\NewsletterManagement\Version\bin, Elmah.dll
v4.0.30319, \\sbe111\d$\Inetpub\WWWRoot\NewsletterManagement\Version\bin, EntityFramework.dll
v4.0.30319, \\sbe111\d$\Inetpub\WWWRoot\NewsletterManagement\Version\bin, EntityFramework.SqlServer.dll
v4.0.30319, \\sbe111\d$\Inetpub\WWWRoot\NewsletterManagement\Version\bin, log4net.dll
v4.0.30319, \\sbe111\d$\Inetpub\WWWRoot\NewsletterManagement\Version\bin, Microsoft.Web.Infrastructure.dll
v4.0.30319, \\sbe111\d$\Inetpub\WWWRoot\NewsletterManagement\Version\bin, Newtonsoft.Json.dll
v4.0.30319, \\sbe111\d$\Inetpub\WWWRoot\NewsletterManagement\Version\bin, SDWORX.Framework.Core.dll
v4.0.30319, \\sbe111\d$\Inetpub\WWWRoot\NewsletterManagement\Version\bin, SDWORX.Framework.CQRS.dll
v4.0.30319, \\sbe111\d$\Inetpub\WWWRoot\NewsletterManagement\Version\bin, SDWORX.Framework.Infrastructure.dll
v4.0.30319, \\sbe111\d$\Inetpub\WWWRoot\NewsletterManagement\Version\bin, SDWORX.Framework.PasSecurity.dll
v4.0.30319, \\sbe111\d$\Inetpub\WWWRoot\NewsletterManagement\Version\bin, SDWORX.Framework.Presentation.dll
v4.0.30319, \\sbe111\d$\Inetpub\WWWRoot\NewsletterManagement\Version\bin, SDWORX.Framework.ServiceModel.Common.dll
v4.0.30319, \\sbe111\d$\Inetpub\WWWRoot\NewsletterManagement\Version\bin, SDWORX.Framework.ServiceModel.Contracts.dll
v4.0.30319, \\sbe111\d$\Inetpub\WWWRoot\NewsletterManagement\Version\bin, SDWORX.Framework.Valcon.dll
v4.0.30319, \\sbe111\d$\Inetpub\WWWRoot\NewsletterManagement\Version\bin, SDWORX.Framework.Web.dll
v4.0.30319, \\sbe111\d$\Inetpub\WWWRoot\NewsletterManagement\Version\bin, SDWORX.NewsletterMgmt.Server.DataContracts.dll
v4.0.30319, \\sbe111\d$\Inetpub\WWWRoot\NewsletterManagement\Version\bin, SDWORX.NewsletterMgmt.Server.ServiceContracts.dll
v4.0.30319, \\sbe111\d$\Inetpub\WWWRoot\NewsletterManagement\Version\bin, SDWORX.NewsletterMgmt.Web.dll
v4.0.30319, \\sbe111\d$\Inetpub\WWWRoot\NewsletterManagement\Version\bin, SDWORX.Parameters.Contracts.dll
v4.0.30319, \\sbe111\d$\Inetpub\WWWRoot\NewsletterManagement\Version\bin, System.Web.Helpers.dll
v4.0.30319, \\sbe111\d$\Inetpub\WWWRoot\NewsletterManagement\Version\bin, System.Web.Mvc.dll
v4.0.30319, \\sbe111\d$\Inetpub\WWWRoot\NewsletterManagement\Version\bin, System.Web.Optimization.dll
v4.0.30319, \\sbe111\d$\Inetpub\WWWRoot\NewsletterManagement\Version\bin, System.Web.Razor.dll
v4.0.30319, \\sbe111\d$\Inetpub\WWWRoot\NewsletterManagement\Version\bin, System.Web.WebPages.Deployment.dll
v4.0.30319, \\sbe111\d$\Inetpub\WWWRoot\NewsletterManagement\Version\bin, System.Web.WebPages.dll
v4.0.30319, \\sbe111\d$\Inetpub\WWWRoot\NewsletterManagement\Version\bin, System.Web.WebPages.Razor.dll
v4.0.30319, \\sbe111\d$\Inetpub\WWWRoot\NewsletterManagement\Version\bin, WebGrease.dll
v4.0.30319, \\sbe111\d$\Inetpub\WWWRoot\NewsletterManagement\Version, AutoMapper.Net4.dll
v4.0.30319, \\sbe111\d$\Inetpub\WWWRoot\PASRuntime\Rel12\AuthorizationService\bin\en, SDWORX.Pas.Infrastructure.resources.dll
v4.0.30319, \\sbe111\d$\Inetpub\WWWRoot\PASRuntime\Rel12\AuthorizationService\bin\fr, SDWORX.Pas.Infrastructure.resources.dll
v4.0.30319, \\sbe111\d$\Inetpub\WWWRoot\PASRuntime\Rel12\AuthorizationService\bin\nl, SDWORX.Pas.Infrastructure.resources.dll
v4.0.30319, \\sbe111\d$\Inetpub\WWWRoot\PASRuntime\Rel12\AuthorizationService\bin, SDWORX.Pas.AuthorizationService.dll
v4.0.30319, \\sbe111\d$\Inetpub\WWWRoot\PASRuntime\Rel12\AuthorizationService\bin, SDWORX.Pas.AuthorizationServiceContracts.dll
v4.0.30319, \\sbe111\d$\Inetpub\WWWRoot\PASRuntime\Rel12\AuthorizationService\bin, SDWORX.Pas.Common.dll
v4.0.30319, \\sbe111\d$\Inetpub\WWWRoot\PASRuntime\Rel12\AuthorizationService\bin, SDWORX.Pas.Domain.dll
v4.0.30319, \\sbe111\d$\Inetpub\WWWRoot\PASRuntime\Rel12\AuthorizationService\bin, SDWORX.Pas.Infrastructure.dll
v4.0.30319, \\sbe111\d$\Inetpub\WWWRoot\PASRuntime\Rel12\AuthorizationService\bin, SDWORX.Pas.Infrastructure.XmlSerializers.dll
v4.0.30319, \\sbe111\d$\Inetpub\WWWRoot\PASRuntime\Rel12\AuthorizationService\bin, SDWORX.Pas.Messages.dll
v4.0.30319, \\sbe111\d$\Programmas\ActiveTraceSearcher, ActiveTraceSearcher.exe
v4.0.30319, \\sbe111\d$\Programmas\ActiveTraceSearcher, ActiveTraceSearcher.vshost.exe
v4.0.30319, \\sbe111\d$\Programmas\ClusterComparer, ComparerFramework.dll
v4.0.30319, \\sbe111\d$\Programmas\ClusterComparer, Jaws.Util.dll
v4.0.30319, \\sbe111\d$\Programmas\ClusterComparer, Jaws.ClusterCompare.exe
v4.0.30319, \\sbe111\d$\Programmas\NETVersionScanner, Proxy.dll
v4.0.30319, \\sbe111\d$\Programmas\NETVersionScanner, SDWORX.Framework.Core.dll
v4.0.30319, \\sbe111\d$\Programmas\NETVersionScanner, SDWORX.Framework.Data.dll
v4.0.30319, \\sbe111\d$\Programmas\NETVersionScanner, NETVersionScanner.exe
v4.0.30319, \\sbe111\d$\SDComponenten\Messagent\Agents\Old, _old092013_JobAgent.exe
v4.0.30319, \\sbe111\d$\SDComponenten\Messagent\Agents\Old, _old092013_ReportingAgent.exe
v4.0.30319, \\sbe111\d$\SDComponenten\Messagent\Agents\Old, ___JobAgent.exe
v4.0.30319, \\sbe111\d$\SDComponenten\Messagent\Agents, Renci.SshNet.dll
v4.0.30319, \\sbe111\d$\SDComponenten\Messagent\Agents, JobAgent.exe
v4.0.30319, \\sbe111\d$\SDComponenten\Messagent\Agents, ReportingAgent.exe
